id,handle,created_at,text,cleaned_text
1141907764735696896,jakoleroverthnk,2019-06-21 03:16:41,almost too funny to be true: after making out bigla syang nanood ng Aladdin sa phone nya and the next thing I knew‚Ä¶ https://t.co/gTWzQ73yjh,almost funny true making bigla syang nanood ng aladdin sa phone nya next thing knew
1141904807722139653,CharlieC0317,2019-06-21 03:04:56,Aladdin - A Whole New World (Mother/Son Duet) https://t.co/eJ3Ofni8HO via @YouTube They sing amazing!!! üòß,aladdin whole new world motherson duet via sing amazing
1141897844997152768,juamarinelli,2019-06-21 02:37:16,"@iwannacoffeenow a whole new world-aladdin
you've got a friend in me- toy story",whole new worldaladdinyouve got friend toy story
1141893052774174722,galaxykino,2019-06-21 02:18:13,also @jacksonslight says its a whole new world by Aladdin and Jasmine which is also an acceptable answer. A bonus point for them.,also says whole new world aladdin jasmine also acceptable answer bonus point
1141892426296152066,jacksonslight,2019-06-21 02:15:44,a whole new world by Aladdin and Jasmine https://t.co/KPBlOsaXjK,whole new world aladdin jasmine
1141890507343388673,Haitienqueen,2019-06-21 02:08:06,Aladdin - A Whole New World (Mother/Son Duet) https://t.co/zTweXMOmdW via @YouTube,aladdin whole new world motherson duet via
1141888369502425089,north10r,2019-06-21 01:59:37,Aladdin - A Whole New World (Mother/Son Duet) https://t.co/1LnFUDrtkY,aladdin whole new world motherson duet
1141888345829728258,north10r,2019-06-21 01:59:31,Aladdin - A Whole New World (Mother/Son Duet) https://t.co/g4d7SFX07L via @YouTube,aladdin whole new world motherson duet via
1141885647193595909,velascomymoon,2019-06-21 01:48:48,@iwannacoffeenow A whole new world y speechless dioss amo el live action de Aladdin,whole new world speechless dioss amo el live action de aladdin
1141883194444152832,fungaa,2019-06-21 01:39:03,Aladdin - A Whole New World (Mother/Son Duet) https://t.co/oQBbPxy6sF via @YouTube @TheEllenShow  gotta have them on your show Ellen,aladdin whole new world motherson duet via gotta show ellen
1141880437553287169,MinnieRae10,2019-06-21 01:28:06,"Wedding Chronicles 
We saw Aladdin last week, now he's obsessed.

Him: Baby, I download the movie so we can watch i‚Ä¶ https://t.co/IzQ87EB783",wedding chronicles saw aladdin last week hes obsessedhim baby download movie watch
1141880344276164609,Bellamhd08,2019-06-21 01:27:43,A whole new world üéº - Aladdin 10/10 ü•≥ü•≥ https://t.co/RR3xlvhJr3,whole new world aladdin
1141876159556177920,m_monline,2019-06-21 01:11:06,A Whole New World snippet by Marielle Montellano. Instrumentals attached. #Aladdin #MarielleMontellano‚Ä¶ https://t.co/tY0ZouuaJq,whole new world snippet marielle montellano instrumentals attached aladdin mariellemontellano
1141874680317407232,fuwafuwakanta,2019-06-21 01:05:13,"ZAYN, Zhavia Ward - A Whole New World (Lyrics Video) (From ""Aladdin"") https://t.co/3USokPoR8e @YouTube„Çà„Çä",zayn zhavia ward whole new world lyrics video aladdin
1141873246058381313,emmarie_garcia,2019-06-21 00:59:31,"ZAYN, Zhavia Ward - A Whole New World (End Title) (From ""Aladdin"") https://t.co/r6Eu1keb7J",zayn zhavia ward whole new world end title aladdin
1141872111838998528,speechlessink,2019-06-21 00:55:01,"@iwannacoffeenow a whole new world, aladdin",whole new world aladdin
1141872044310614019,namjoonieeluv,2019-06-21 00:54:44,"@ibighitmenfess Ohohooo aku sama jungkook main film aladdin,, a whole new world~",ohohooo aku sama jungkook main film aladdin whole new world
1141869107177914371,maria_yvone08,2019-06-21 00:43:04,"ZAYN, Zhavia Ward - A Whole New World (End Title) (From ""Aladdin"") https://t.co/VcpYJ19Ent via @YouTube",zayn zhavia ward whole new world end title aladdin via
1141868185064394752,wthbinnie,2019-06-21 00:39:24,"If yoon sanha is going to wear an aladdin outfit while performing ""A whole new world"" next week at Mnet Mcountdown'‚Ä¶ https://t.co/kE69uOgT76",yoon sanha going wear aladdin outfit performing whole new world next week mnet mcountdown
1141867082071646208,DCMTheaterArts,2019-06-21 00:35:01,There's nothing bigger than Disney's Aladdin right now! And you can be a part of the excitement with the hit Broadw‚Ä¶ https://t.co/c1EPEQcAYu,theres nothing bigger disneys aladdin right pa excitement hit broadw
1141865760081367040,TAKE6307,2019-06-21 00:29:46,"üò≠‚ú®

Mena Massoud, Naomi Scott - A Whole New World (From ""Aladdin"") https://t.co/babVjSZIVx @YouTube„Çà„Çä",mena massoud naomi scott whole new world aladdin
1141861628595621893,NatsukiNagoya,2019-06-21 00:13:21,"#Aladdin - A Whole New World
https://t.co/igxfU1OAkV",aladdin whole new world
1141857907107139586,JonahSister,2019-06-20 23:58:34,Aladdin - A Whole New World (Mother/Son Duet) https://t.co/v7OCM9m2EB via @YouTube,aladdin whole new world motherson duet via
1141849938969731072,Coco__Marie,2019-06-20 23:26:54,"Are you kidding me? I‚Äôve seen so much adorableness today. ‚ô•Ô∏è

Aladdin - A Whole New World (Mother/Son Duet)‚Ä¶ https://t.co/gGJehJYlJo",kidding ive seen much adorableness today aladdin whole new world motherson duet
1141849028658778112,DARRENaticsCTNS,2019-06-20 23:23:17,"#DyisIsItManila A Whole New World (From ""Aladdin"") by Darren Espanto &amp; Morissette Amon @Espanto2001
@mor1019‚Ä¶ https://t.co/oR0ZOfoiOr",dyisisitmanila whole new world aladdin darren espanto amp morissette amon
1141849024934191105,maria_maria_may,2019-06-20 23:23:16,"#DyisIsItManila A Whole New World (From ""Aladdin"") by Darren Espanto &amp; Morissette Amon @Espanto2001
@mor1019‚Ä¶ https://t.co/N0NHnnbry0",dyisisitmanila whole new world aladdin darren espanto amp morissette amon
1141849023105519617,jblovedarren,2019-06-20 23:23:16,"#DyisIsItManila A Whole New World (From ""Aladdin"") by Darren Espanto &amp; Morissette Amon @Espanto2001
@mor1019‚Ä¶ https://t.co/GhvMYqBQns",dyisisitmanila whole new world aladdin darren espanto amp morissette amon
1141844821864329216,SkyChanel6,2019-06-20 23:06:34,I want a bad la pretty bitch and a nigga that‚Äôs my nigga n gone show me a whole new world like Aladdin! No cap üß¢,want bad la pretty bitch nigga thats nigga n gone show whole new world like aladdin cap
1141844583002845185,TheatreWNHS,2019-06-20 23:05:37,A Whole New World!  #troupe5268 #theatrewnhs #nyc2019 @aladdin https://t.co/xczl6G3X5F,whole new world troupe theatrewnhs nyc
1141844398390431744,DLMC_SolidDNs,2019-06-20 23:04:53,"#DyisIsItManila A Whole New World (From ""Aladdin"") by Darren Espanto &amp; Morissette Amon @Espanto2001
@mor1019‚Ä¶ https://t.co/q37CYaN2UK",dyisisitmanila whole new world aladdin darren espanto amp morissette amon
1141839461858369542,rubinabegum96,2019-06-20 22:45:16,Aladdin songs are still stuck in my head and I keep singing a whole new world and I really don‚Äôt know all the lyric‚Ä¶ https://t.co/zXvcyrjyu8,aladdin songs still stuck head keep singing whole new world really dont know lyric
1141837252299022336,daynascottx,2019-06-20 22:36:29,Don‚Äôt think I‚Äôm ever gonna get over @beth_pillingxo saying ‚Äú what‚Äôs this song out of now?!‚Äù As they sung a whole ne‚Ä¶ https://t.co/O7u3bb9Rss,dont think im ever gonna get pillingxo saying whats song sung whole ne
1141824712806244352,NCTinLA,2019-06-20 21:46:40,"@dreamcitys We'll have to make do with this for now until SM realizes a new one would be really welcomed :)
Jaehyun‚Ä¶ https://t.co/gMCWxT0ybU",well make sm realizes new one would really welcomed jaehyun
1141824187226611712,WarSurfing,2019-06-20 21:44:34,"""A Red-Brown World""
(to the tune of Aladdin's ""A Whole New World"")

I can show you the world
""Anti-imperialist"" tyr‚Ä¶ https://t.co/4D3le5AIM1",redbrown worldto tune aladdins whole new worldi show worldantiimperialist tyr
1141823371316875264,dreamcitys,2019-06-20 21:41:20,another day another disappointment that sm isn‚Äôt a releasing an jaehyun sm station of a whole new world to promote‚Ä¶ https://t.co/4M68UYbAt8,another day another disappointment sm isnt releasing jaehyun sm station whole new world promote
1141821200550772758,Bey07_,2019-06-20 21:32:42,Aladdin - whole new world üíô https://t.co/8fLvtPxUG0,aladdin whole new world
1141820737872777217,jqsonleong,2019-06-20 21:30:52,Original aladdin voice actors performing ‚ÄúA Whole New World‚Äù 23 years later. this is so. beautiful. https://t.co/e1MofPKg2r,original aladdin voice actors performing whole new world years later beautiful
1141818888335708160,xerxes_morgan,2019-06-20 21:23:31,"""Aladdin's Ost"" A Whole New World Guitar Fingerstyle. Check out the full video, link on bio.

#fingerstyle #guitar‚Ä¶ https://t.co/ARwJx62Br9",aladdins ost whole new world guitar fingerstyle check full video link biofingerstyle guitar
1141815840544833553,Rajawi_96,2019-06-20 21:11:24,"A whole new world, that‚Äôs where we‚Äôll be üíõüí´ 

#Aladdin #Disney https://t.co/h3OtPmkXYF",whole new world thats well aladdin disney
1141807935468650496,ChururotCharot,2019-06-20 20:40:00,@CraigEtherton @ScottMendelson @Forbes I agree with this...besides the ending of Aladdin they already got married..‚Ä¶ https://t.co/BJGMWrPppM,agree thisbesides ending aladdin already got married
1141805821602553860,_skywalka,2019-06-20 20:31:36,I need to see Aladdin tonight. A whole new world is my song,need see aladdin tonight whole new world song
1141802133240635392,OVA_TWEETS,2019-06-20 20:16:56,I was watching Aladdin and i just realized a whole new world is about sex.,watching aladdin realized whole new world sex
1141798718787788801,delapenarose17,2019-06-20 20:03:22,"Morissette, Darren Espanto perform ""A Whole New World (Aladdin's Theme)"" LIVE on Wish 107.5 Bus https://t.co/aT11NEvhu6",morissette darren espanto perform whole new world aladdins theme live wish bus
1141791866070978567,Minxiawo,2019-06-20 19:36:08,Aladdin - A Whole New World (Mother/Son Duet) https://t.co/5f5No6p4kh,aladdin whole new world motherson duet
1141791856273104897,costalann,2019-06-20 19:36:06,"2020 Grammy Awards ‚Äì Best Song Written for Visual Media

Florence + the Machine - Jenny of Oldstones from HBO's GOT‚Ä¶ https://t.co/yLCN18zK9E",grammy awards best song written visual mediaflorence machine jenny oldstones hbos got
1141788480533610499,pavisconti,2019-06-20 19:22:41,"Mena Massoud, Naomi Scott - A Whole New World (From ""Aladdin"") https://t.co/qhMVWeio9Z",mena massoud naomi scott whole new world aladdin
1141787544490782726,PervyPepper,2019-06-20 19:18:58,I‚Äôm on the train and someone is playing ‚ÄòA Whole New World‚Äô from Aladdin and I want to commit murder.,im train someone playing whole new world aladdin want commit murder
1141775816495267840,cocona_nuts,2019-06-20 18:32:22,"Aladdin with Natsu and Riko‚ô•Ô∏è

A whole new world ~
A new fantastic point of view ~ https://t.co/220aJulT8J",aladdin natsu rikoa whole new world new fantastic point view
1141769786654908417,MzMilah_,2019-06-20 18:08:24,@_sagacity__ Are you into anything like that yourself? I just got a taste of it now I feel like singing ‚Äúa whole new world‚Äù from Aladdin üòÇ,sagacity anything like got taste feel like singing whole new world aladdin
1141766171840192513,igbudu_cj,2019-06-20 17:54:03,Me after 'A whole new World' came on in Aladdin and it felt like 2006 again @naomiscott @MenaMassoud @willsmith‚Ä¶ https://t.co/oMuzLASlAr,whole new world came aladdin felt like
1141764225477611525,Shaikhaalmoued,2019-06-20 17:46:18,a whole new world with you.‚ù§Ô∏è#Aladd√≠n,whole new world youaladdn
1141753347357249536,_monikamarie__,2019-06-20 17:03:05,"Somebody's grandfather just sang ""A Whole New World"" from Aladdin to me. I cant make this shit up yall ahaha!",somebodys grandfather sang whole new world aladdin cant make shit yall ahaha
1141752878664568832,Wew18120790,2019-06-20 17:01:13,A Whole New World (End Title)[From Aladdin](From Aladdin) https://t.co/K88NZQfpf4 https://t.co/p05pf0hDHx,whole new world end titlefrom aladdinfrom aladdin
1141748710910521344,AshdanEarth,2019-06-20 16:44:40,"@SkylarGrey A Whole New World (End Title) (From ""Aladdin"") https://t.co/QAZJ5xwdFW 
A Whole New World in your rendi‚Ä¶ https://t.co/HVCao9otmQ",whole new world end title aladdin whole new world rendi
1141747911228661761,Yoorannn,2019-06-20 16:41:29,The original singer of A Whole New World of Aladdin noticed our queen @heybiblee I am beyond proud ‚ú® Thank you‚Ä¶ https://t.co/5kGtC4RqTM,original singer whole new world aladdin noticed queen beyond proud thank
1141745066215727104,KyleClauss,2019-06-20 16:30:11,@JonathanCohn ‚ÄúA Whole New World‚Äù from Aladdin üòë,whole new world aladdin
1141745059416739841,fairpark,2019-06-20 16:30:09,"Discover a whole new world at ""Disney's Aladdin,"" the hit Broadway musical. June 6 - June 23, Dallas Summer Musical‚Ä¶ https://t.co/qoYVGDS9Y5",discover whole new world disneys aladdin hit broadway musical june june dallas summer musical
1141742864415653889,SarahCompletely,2019-06-20 16:21:26,Aladdin - A Whole New World (Mother/Son Duet) https://t.co/VfdznCM7WQ via @YouTube.   THIS IS SO BEAUTIFUL!!!!!,aladdin whole new world motherson duet via beautiful
1141742241553223680,MariamKanoo,2019-06-20 16:18:57,"Sweet Mother/Son duet üò¢‚ô•Ô∏è‚ô•Ô∏è‚ô•Ô∏è

Aladdin - A Whole New World
https://t.co/rJraJylCu2",sweet motherson duet aladdin whole new world
1141740072422662149,SUPERADRIANME,2019-06-20 16:10:20,Aladdin Brings A Whole New World to Singapore in July https://t.co/JSQ59ju1Hh via @superadrianme,aladdin brings whole new world singapore july via
1141739029844697089,J_Jammer,2019-06-20 16:06:11,"He sings very good, but his mother...oh...that's a pleasant surprise.

Aladdin - A Whole New World (Mother/Son Duet‚Ä¶ https://t.co/2SLA2qjcoO",sings good motherohthats pleasant surprisealaddin whole new world motherson duet
1141737508109258752,easypianoteach,2019-06-20 16:00:09,"A #youtube #pianotutorial for you!
A Whole New World (from Aladdin)
https://t.co/EXychYiX3n
ANYONE can play this! #piano",youtube pianotutorial youa whole new world aladdinanyone play piano
1141734589016236032,mariacneres,2019-06-20 15:48:33,"Mena Massoud, Naomi Scott - A Whole New World (From ""Aladdin"") https://t.co/UdWt70EtBL via @YouTube",mena massoud naomi scott whole new world aladdin via
1141734061980995586,NLT_VFactory220,2019-06-20 15:46:27,@WoodyOLN I want a cover of a whole new world from Aladdin yoooo üòúüòúüòúüòú,want cover whole new world aladdin yoooo
1141729639166967808,09ryotin25,2019-06-20 15:28:52,"Mena Massoud, Naomi Scott - A Whole New World (From ""Aladdin"") https://t.co/JIeQPh88be @YouTube„Çà„Çä",mena massoud naomi scott whole new world aladdin
1141728448307585024,YoutuberHide,2019-06-20 15:24:09,"A Whole New World Music Box version!
#music #Disney #Aladdin #AWholeNewWorld 
#musicbox
#youtube 
https://t.co/OQQciycK8a",whole new world music box versionmusic disney aladdin awholenewworld musicboxyoutube
1141726392851165185,mrvantaessi,2019-06-20 15:15:58,"ZAYN, Zhavia Ward - A Whole New World (End Title) (From ""Aladdin"") https://t.co/JOX9wpS6KJ ‡∏ú‡πà‡∏≤‡∏ô @YouTube",zayn zhavia ward whole new world end title aladdin
1141715967225057285,Talazuabi,2019-06-20 14:34:33,"‚ô´ #NowPlaying ‚ÄúA Whole New World (End Title) (From ""Aladdin"")‚Äù by ZAYN &amp; Zhavia Ward on #Anghami‚Ä¶ https://t.co/9DdpTJXQem",nowplaying whole new world end title aladdin zayn amp zhavia ward anghami
1141714539433476096,isshilupin,2019-06-20 14:28:52,"Mena Massoud, Naomi Scott - A Whole New World (From ""Aladdin"") https://t.co/P3L07g86j1 @YouTube„Çà„Çä",mena massoud naomi scott whole new world aladdin
1141712348081770497,MelissaLlado,2019-06-20 14:20:10,It's a whole new world with this adorbs Team Jasmine shirt!  Show your love of Aladdin with this fun https://t.co/1ccnqxpeBv,whole new world adorbs team jasmine shi show love aladdin fun
1141711275946233857,elievegas13,2019-06-20 14:15:54,Aladdin was FANTASTIC! A whole new world üíô!! #Aladdin #AladdinMovie #LateNightMovie https://t.co/p5ihIp4TKd,aladdin fantastic whole new world aladdin aladdinmovie latenightmovie
1141709924256419845,djdolino,2019-06-20 14:10:32,"I would love to share a whole new world world with Aladdin...and @menamassoud!üòòüòçüíñ

 Thank you invincible_loser! My‚Ä¶ https://t.co/W6uhVExsGb",would love share whole new world world aladdinand thank invincibleloser
1141707955932454918,TheCCPresents,2019-06-20 14:02:43,Here are @tellyleung @RhodesReed &amp; @Matthew_croke singing A Whole New World from Aladdin @TheCCPresents Telly Leung‚Ä¶ https://t.co/L8a6ypG4aw,amp croke singing whole new world aladdin telly leung
1141707722259390464,VRJunkiesAZ,2019-06-20 14:01:47,"When you put on the glasses, it's a whole new world on the other side.

Ôπ°Que Aladdin musicÔπ° https://t.co/t67dkNzStC",put glasses whole new world sideque aladdin music
1141705804929593345,hotcocoaD,2019-06-20 13:54:10,"A whole new world
#Aladdin #Âà∫Áπç #Âà∫„Åó„ÇÖ„ÅÜ https://t.co/MsWZZnEiBi",whole new worldaladdin
1141703413534736384,onefumi,2019-06-20 13:44:40,"This is the time I start hearing A Whole New World from Aladdin in my head:
üé∂
(A whole new world)
A new fantastic p‚Ä¶ https://t.co/pDzrEXzc8P",time sta hearing whole new world aladdin heada whole new worlda new fantastic p
1141692351641001986,UCHLimerick,2019-06-20 13:00:42,Aladdin at UCH promises to transport you to a whole new world this Christmas üßû The UCH Panto is now the hottest tic‚Ä¶ https://t.co/xAb77DrL2J,aladdin uch promises transpo whole new world christmas uch panto hottest tic
1141687306899742720,Zaahraazr,2019-06-20 12:40:40,"Dear aladdin, i need a whole new world right now for only myself, thankyou. ‚ù§ #HopeYouReadThis",dear aladdin need whole new world right thankyou hopeyoureadthis
1141684129605574656,adamaris_fm,2019-06-20 12:28:02,so aladdin... wow tengo tanto que decir. m√∫sica? excelente for the most part. i do feel like ‚Äúa whole new world‚Äù co‚Ä¶ https://t.co/TWP278d2bU,aladdin wow tengo tanto que decir msica excelente pa feel like whole new world co
1141679268671266818,jenibeanie13,2019-06-20 12:08:43,It's just 2 days ago when I and @Altair_0330 watched Aladdin and we keep singing the song but now there's info that‚Ä¶ https://t.co/OdH8KDpbF2,days ago watched aladdin keep singing song theres info
1141666778319376385,missphadzy,2019-06-20 11:19:05,"ZAYN, Zhavia Ward - A Whole New World (End Title) (From ""Aladdin"") https://t.co/D0hUqRn4pR via @YouTube",zayn zhavia ward whole new world end title aladdin via
1141662676780589056,shashatheworld,2019-06-20 11:02:47,"ASTRO Yoon Sanha &amp; Weki Meki Ji Suyeon will enter M! Countdown's Studio M next week for a special stage.

The song‚Ä¶ https://t.co/ieYS9Gvp3d",astro yoon sanha amp weki meki ji suyeon enter countdowns studio next week special stagethe song
1141658633589202947,lfnand,2019-06-20 10:46:43,@frombeewithlove I saw Aladdin the other week with the kids and have to admit had a little tear in my eye when they sang a whole new world,saw aladdin week kids admit little tear eye sang whole new world
1141656914930987008,ZenjoyTweets,2019-06-20 10:39:54,"I finally realized why I dislike Aladdin's 2019 take on ""Whole New World"".

The original song used flutes, bells, a‚Ä¶ https://t.co/oQuAI4KVDX",finally realized dislike aladdins take whole new worldthe original song used flutes bells
1141656652547887105,jinhwinoona,2019-06-20 10:38:51,"Sanha will be on Studio M next week singing A whole new world (from aladdin) with Suyeon from Weki Meki....

Lols..‚Ä¶ https://t.co/vA7GFgWJtA",sanha studio next week singing whole new world aladdin suyeon weki mekilols
1141656054813454336,nemophila0331,2019-06-20 10:36:29,A Whole New World (Aladdin) - Nito https://t.co/MYuinU5ob4 @YouTube„Çà„Çä,whole new world aladdin nito
1141654178911195136,STREETRADIOweb,2019-06-20 10:29:01,Regina Belle - A Whole New World (Aladdin's Theme),regina belle whole new world aladdins theme
1141647127527006208,PhionaKari1,2019-06-20 10:01:00,#NP: Aladdin - A Whole New World (Mother/Son Duet) https://t.co/rs8sASz28K via @YouTube,np aladdin whole new world motherson duet via
1141631696409780224,djejetechno,2019-06-20 08:59:41,"Mena Massoud, Naomi Scott - A Whole New World (From ""Aladdin"") (lirik da... https://t.co/pojPYs4E6e lewat @YouTube",mena massoud naomi scott whole new world aladdin lirik da lewat
1141620159406333957,anisafitriz,2019-06-20 08:13:50,"A Whole New World (Aladdin)
This song has been playing on my brain for weeks.
#aladdin #awholenewworld https://t.co/XZ94I8qHWk",whole new world aladdinthis song playing brain weeksaladdin awholenewworld
1141618447954014208,chamccurryyy,2019-06-20 08:07:02,"Watched Aladdin last night. As a Disney kid, I was impressed how good it was! Everyone was waiting for the ""A Whole‚Ä¶ https://t.co/Lnn0tonnej",watched aladdin last night disney kid impressed good everyone waiting whole
1141617136776777728,rottyudd,2019-06-20 08:01:50,"Let me share this whole new world with you
A whole new world that's where we'll be
A Whole New World(Aladdin)  :: E‚Ä¶ https://t.co/wgXJxxfy4n",let share whole new world youa whole new world thats well bea whole new worldaladdin e
1141616202801803265,ADDICT0320_HJ,2019-06-20 07:58:07,@officialfelkr karpet terbang aladdin ahaha a whole new world~~~,karpet terbang aladdin ahaha whole new world
1141613468736348167,rottyudd,2019-06-20 07:47:15,"I can't go back to where I used to be
A whole new world with new horizons to persue
A Whole New World(Aladdin)  ::‚Ä¶ https://t.co/kYph2uAjMS",cant go back used bea whole new world new horizons persuea whole new worldaladdin
1141603934580215810,ivanregia92,2019-06-20 07:09:22,"A Whole New World üé∏üí¶
.
.
.
.
.
#awholenewworld #ostaladdin #aladdin #zaynmalik #zavia #jensjuliustejlgaard #2019‚Ä¶ https://t.co/ItVWMz76id",whole new world awholenewworld ostaladdin aladdin zaynmalik zavia jensjuliustejlgaard
1141603815075926017,yoonjugn,2019-06-20 07:08:54,"@jungjessiea @iiyuan95 massive thanks sherul, i'm sure yuan oppa can be my Aladdin. gimme a whole new world and ope‚Ä¶ https://t.co/JZsLHzGT4w",massive thanks sherul im sure yuan oppa aladdin gimme whole new world ope
1141599032579698688,karaokesandman,2019-06-20 06:49:53,"#Karaoke song: A Whole New World - From ""Aladdin"" @karaokesandman @Route6cafeloung",karaoke song whole new world aladdin
1141589704606978049,crystal_lee76,2019-06-20 06:12:49,"[CrystalLee_star76] sings A Whole New World (Disney) by Aladdin, what an incredible voice on The Voice!
#music #k... https://t.co/ql9rAbeWnq",crystalleestar sings whole new world disney aladdin incredible voice voicemusic k
1141588952148656129,RAIDENJACK3,2019-06-20 06:09:50,"Mena Massoud, Naomi Scott - A Whole New World (From ""Aladdin""/Audio Only) https://t.co/LzStkiPYTL",mena massoud naomi scott whole new world aladdinaudio
1141587934174306304,lokiedt,2019-06-20 06:05:47,"LSS to A Whole New World and Speechless. Geez. Aladdin casts, what have you done?",lss whole new world speechless geez aladdin casts done
1141583874125905920,eserrano1969,2019-06-20 05:49:39,Aladdin - A Whole New World German translation https://t.co/wWdA5ZtLMI,aladdin whole new world german translation
1141569985426288640,SadafSadighi_,2019-06-20 04:54:28,"ZAYN, Zhavia Ward - A Whole New World (End Title) (From ""Aladdin"") https://t.co/MhIV6KtL0T via @YouTube‚ù§Ô∏è",zayn zhavia ward whole new world end title aladdin via
1141559526740635648,troubledtessa,2019-06-20 04:12:54,"here‚Äôs a list of songs i wanna duet with people

I See the Light - Tangled
A Whole New World - Aladdin
Wait for Me‚Ä¶ https://t.co/vNIUbORLY0",heres list songs wanna duet peoplei see light tangleda whole new world aladdinwait
1141557119579086848,Dhini2472,2019-06-20 04:03:21,"https://t.co/BRYvWA96fj

A whole new world [lyrics]
#ZAYN
#Aladdin
#zhaviaward 
#SONGS 
#AWholeNewWorld 
#lyrics",whole new world lyricszaynaladdinzhaviaward songs awholenewworld lyrics
1141554785855737856,ShaneWatch,2019-06-20 03:54:04,BGM in that first level of Bloodstained somehow sounds like 3 different Castlevania songs And ‚ÄúA Whole New World‚Äù from Aladdin,bgm first level bloodstained somehow sounds like different castlevania songs whole new world aladdin
1141552093171294210,nicoleqramos,2019-06-20 03:43:22,"Hi guys! Our COVER is now posted on YouTube! 

This is one of my childhood favorites and I‚Äôm so happy to finally be‚Ä¶ https://t.co/dVv0BgmM3m",hi guys cover posted youtube one childhood favorites im happy finally
1141548815830306816,hwinjunie,2019-06-20 03:30:21,I'm watching Aladdin and all I can think of is Jaehyun singing a whole new world üòî,im watching aladdin think jaehyun singing whole new world
1141546944705077248,El_Juanson,2019-06-20 03:22:55,"Honestly, anybody that is anybody once you hear ""a whole new world"" from Aladdin you have to sing along to it... Yo‚Ä¶ https://t.co/iVq9Y07FcX",honestly anybody anybody hear whole new world aladdin sing along yo
1141542637247315969,dscholl73,2019-06-20 03:05:48,@DrewFranklinKSR you ever overlay this dragon scene from Season 8 @GameOfThrones w/ A Whole New World? ü§î#GOT‚Ä¶ https://t.co/7M2Y0I2UJd,ever overlay dragon scene season w whole new world got
1141537965128212480,weinchang,2019-06-20 02:47:14,üéß A Whole New World (Feat. Peabo Bryson) (Aladdin's Theme) by @IAmReginaBelle on @PandoraMusic https://t.co/L2s9gAbnEC,whole new world feat peabo bryson aladdins theme
1141532367598886913,dstauff5,2019-06-20 02:24:59,@stephmunti ‚ÄúA Whole New World‚Äù Aladdin,whole new world aladdin
1141530072576192512,joonsoftdimples,2019-06-20 02:15:52,@blurryoon aladdin a whole new world,aladdin whole new world
1141527433998475266,Nesrine24749088,2019-06-20 02:05:23,"@zaynmalik I really loved a whole new world , I wish you were Aladdinüíñ",really loved whole new world wish aladdin
1141518446997463040,China0501,2019-06-20 01:29:40,@AMCTheatres Aladdin...A whole new world amazing!!! https://t.co/Ty3IFQ2HEl,aladdina whole new world amazing
1141517783714414592,kaylajdr,2019-06-20 01:27:02,"Fun fact: I loved Aladdin so much that in 8th grade, I sang* A Whole New World as my audition song for the Visual a‚Ä¶ https://t.co/7tT9cfz3TM",fun fact loved aladdin much th grade sang whole new world audition song visual
1141516419382878208,wesigor,2019-06-20 01:21:37,sempre emocionado com a whole new world de aladdin,sempre emocionado com whole new world de aladdin
1141515608191885314,Dancerjenn,2019-06-20 01:18:23,They surprised me with this.... too frickin cute...üíúüíúüíúüíúüíúüíúüíúüíúüíúüíúüíúüíúüíú https://t.co/8ZYP9EoYAg,surprised frickin cute
1141509469937053696,Daniloreborn,2019-06-20 00:54:00,Aladdin - A Whole New World THE FART ALONG https://t.co/lXLxZ63kAU via @YouTube,aladdin whole new world fa along via
1141507548421513216,rockndawgclub,2019-06-20 00:46:22,"A Whole New World (Aladdin) - Cover (Fingerstyle Guitar) Andrew Foy https://t.co/CBBIVDxvai Subscribe, Comment &amp; Fo‚Ä¶ https://t.co/V9SGjmR9Au",whole new world aladdin cover fingerstyle guitar andrew foy subscribe comment amp fo
1141507535071076352,DownatthePound,2019-06-20 00:46:19,"A Whole New World (Aladdin) - Cover (Fingerstyle Guitar) Andrew Foy https://t.co/a6CyA7L4a8 Subscribe, Comment &amp; Fo‚Ä¶ https://t.co/FxurM82tPA",whole new world aladdin cover fingerstyle guitar andrew foy subscribe comment amp fo
1141506900237811712,fernivizcarra,2019-06-20 00:43:47,A whole new world es tan cuteeeee #Aladdin,whole new world es tan cuteeeee aladdin
1141506249579814913,NerdySnailie,2019-06-20 00:41:12,"üòçüò≠ü•∫ what a gorgeous voice! His mother‚Äôs voice is magical 

Aladdin - A Whole New World (Mother/Son Duet)‚Ä¶ https://t.co/cpyXafWFdB",gorgeous voice mothers voice magical aladdin whole new world motherson duet
1141505881949048837,sam_crouch20,2019-06-20 00:39:45,me and @ErikDTrick in the theater watching #Aladdin trying not to sing A Whole New World out loud https://t.co/Ca42GgeH1O,theater watching aladdin trying sing whole new world loud
1141504523476844545,AthenaGracePlay,2019-06-20 00:34:21,Aladdin - A Whole New World (Mother/Son Duet) https://t.co/kl49a9hWYQ via @YouTube WTF listen to this it‚Äôs amazing üòâ üî•üòÇüî•üòÇüî•‚ù§Ô∏è,aladdin whole new world motherson duet via wtf listen amazing
1141502921395322881,JazzyIncredible,2019-06-20 00:27:59,DISNEY SING-ALONGS | A Whole New World - Aladdin Lyric Video | Official ... https://t.co/GQqVu6ZTcO via @YouTube,disney singalongs whole new world aladdin lyric video official via
1141502422591787009,egxita,2019-06-20 00:26:00,"Here‚Äôs a song for you‚Ä¶ A Whole New World (End Title) - From ""Aladdin"" by ZAYN
https://t.co/LhjqhuTaez",heres song whole new world end title aladdin zayn
1141501132004446208,AriTheZquadGod,2019-06-20 00:20:52,My Zquad ass sticking around for the end credits after Aladdin to record A Whole New World https://t.co/wISr7MOO8N,zquad ass sticking around end credits aladdin record whole new world
1141495983093821440,DamodarCinemas,2019-06-20 00:00:24,"A whole new world is waiting for you
Aladdin
(PG)
Village 6 - 2:40pm
Village 4 - 3:50pm https://t.co/iWywhfUYad",whole new world waiting youaladdinpgvillage pmvillage pm
1141492728544542721,abidabida_,2019-06-19 23:47:29,"Who wants to be my Aladdin? 
Show me a whole new fuxkin world",wants aladdin show whole new fuxkin world
1141488002675482624,VideoGamesC6,2019-06-19 23:28:42,"12- so goog by warpaint, speechless from Aladdin, doin time Lana's cover, a whole new world, nadir by tender",goog warpaint speechless aladdin doin time lanas cover whole new world nadir tender
1141487594330447872,neeyaqielah,2019-06-19 23:27:04,"‚ú® A Whole New World (End Title) - From ""Aladdin"" by ZAYN
https://t.co/MgFi2giLKr",whole new world end title aladdin zayn
1141478637251772417,huthuthutto,2019-06-19 22:51:29,Why am I singing Aladdin‚Äôs ‚ÄúA Whole New World‚Äù song?,singing aladdins whole new world song
1141477947406192641,fernandolar25,2019-06-19 22:48:44,Aladdin - A Whole New World [High Quality] https://t.co/CYA7Sx0hdK v√≠a @YouTube,aladdin whole new world high quality va
1141477250048512000,0ru__ru0,2019-06-19 22:45:58,A Whole New World (Aladdin) - Nito https://t.co/uBwKB9Otl8 @YouTube„Çà„Çä,whole new world aladdin nito
1141477000642646016,centuryfinearts,2019-06-19 22:44:59,We are flying into a Whole New World with Aladdin!! So excited for these kids to not only learn acting and it's lin‚Ä¶ https://t.co/h8MR456GZR,flying whole new world aladdin excited kids learn acting lin
1141474298818957317,fernandolar25,2019-06-19 22:34:15,"ZAYN, Zhavia Ward - A Whole New World (End Title) (From ""Aladdin"") https://t.co/wj3QfwJrtP v√≠a @YouTube",zayn zhavia ward whole new world end title aladdin va
1141470863902019584,baahouston,2019-06-19 22:20:36,"A whole new world is only one week away! Disney's @aladdin , coming to the @HobbyCenter June 26-July 14. Get your t‚Ä¶ https://t.co/NikDRs0ysg",whole new world one week away disneys coming june july get
1141466994367053824,Emi0304_lm,2019-06-19 22:05:13,@disneyaladdin Aladdin is the number 1 movie in Japan for 2nd weekendüßû‚Äç‚ôÇÔ∏è thank you for show us a whole new world.‚Ä¶ https://t.co/X7jy887ZBk,aladdin number movie japan nd weekend thank show us whole new world
1141458535601123331,ShanOfficially,2019-06-19 21:31:36,"The most beautiful rendition! Omg 

Aladdin - A Whole New World (Mother/Son Duet) https://t.co/qjgk9dsijN via @YouTube",beautiful rendition omg aladdin whole new world motherson duet via
1141457682915844098,brynnsediting,2019-06-19 21:28:13,"@melonzieglers also, a whole new world &amp; the aladdin soundtrack &gt;&gt; ur fav song",also whole new world amp aladdin soundtrack gtgt ur fav song
1141456528362262528,SarahSartell,2019-06-19 21:23:38,It‚Äôs been an amazing whole new world experiencing these incredible shows in London and I don‚Äôt want to stopüé≠‚ú®üíõ‚Ä¶ https://t.co/Z9LtQYycdG,amazing whole new world experiencing incredible shows london dont want stop
1141451035262750721,Dalal_alm90,2019-06-19 21:01:48,A Whole New World #Aladdin‚Å† ‚Å†‚Å† ‚Å†üßû‚Äç‚ôÇÔ∏èüåé https://t.co/z7dI5dQtSt,whole new world aladdin
1141450603052380160,zeeknd,2019-06-19 21:00:05,sat through all of aladdin only for the end title to be dj khaled obnoxiously yelling instead of A Whole New World.‚Ä¶ https://t.co/hbRYweniBq,sat aladdin end title dj khaled obnoxiously yelling instead whole new world
1141449483659689985,PerilousPeanut,2019-06-19 20:55:38,"I can theorize just as desperately though

aladdin I guess is because aladdin and jasmine fly by greece during A Wh‚Ä¶ https://t.co/o8liBXJgGj",theorize desperately thoughaladdin guess aladdin jasmine fly greece wh
1141448081520676864,knorsen,2019-06-19 20:50:04,"Let me share this whole new world with you! After seeing the new live action Aladdin, I had to create this beautifu‚Ä¶ https://t.co/pucPX98xWA",let share whole new world seeing new live action aladdin create beautifu
1141447701181149184,giusyemme89,2019-06-19 20:48:33,A Whole New World(Music Video) - From ALADDIN https://t.co/CsmMnifQK2,whole new worldmusic video aladdin
1141446837024391168,jajdj89,2019-06-19 20:45:07,Aladdin - A Whole New World (Mother/Son Duet) https://t.co/jPIW0tFKZh via @YouTube   beautiful! ‚ù§Ô∏è,aladdin whole new world motherson duet via beautiful
1141440107196473345,PangLam19,2019-06-19 20:18:23,A Whole New World (End Title)[From Aladdin](From Aladdin) https://t.co/cxFI6DChAe https://t.co/JYdOOds7g4,whole new world end titlefrom aladdinfrom aladdin
1141438643556540416,Study_Breaks,2019-06-19 20:12:34,Actress @NaomiScott opens up Princess Jasmine and #Aladdin to a whole new world of female empowerment. https://t.co/QzkLCbiYhv,actress opens princess jasmine aladdin whole new world female empowerment
1141437972572704768,natusichka_91,2019-06-19 20:09:54,"Mena Massoud, Naomi Scott - A Whole New World (From ""Aladdin"") https://t.co/VHi7A9T3tK via @YouTube",mena massoud naomi scott whole new world aladdin via
1141436839468965890,DrJoker82,2019-06-19 20:05:24,A Whole New World (from Disney's Aladdin) Violin &amp; Piano Cover - Taylor ... https://t.co/GUcYa0whGh via @YouTube,whole new world disneys aladdin violin amp piano cover taylor via
1141431288357937152,ILuvMusik5,2019-06-19 19:43:20,‚ÄúA Whole New World‚Äù (Aladdin) Arabic Cover by Robyn Adele Anderson ft. Adam¬†Bastien https://t.co/EnGznntV5s https://t.co/HdDz3YnCPU,whole new world aladdin arabic cover robyn adele anderson ft adambastien
1141429759294881792,JackieeLen,2019-06-19 19:37:16,Aladdin - A Whole New World (Mother/Son Duet) https://t.co/i4aaAOriW7 via @YouTube,aladdin whole new world motherson duet via
1141428966567436288,DonnovanReed,2019-06-19 19:34:07,Aladdin - A Whole New World (Mother/Son Duet) https://t.co/tYRViwEuUb,aladdin whole new world motherson duet
1141427441929478145,vicky_garbarino,2019-06-19 19:28:03,@Nadia_Soy_Yo Un mundo ideal / A whole new world - Aladdin,soyyo un mundo ideal whole new world aladdin
1141424344700268546,Budda_Fly,2019-06-19 19:15:45,Aladdin - A Whole New World (Mother/Son Duet) https://t.co/oYTdI149Ot via @YouTube @IAmReginaBelle @PeaboBryson2‚Ä¶ https://t.co/eCxJuA1WCe,aladdin whole new world motherson duet via
1141421350554341376,arliscoleman,2019-06-19 19:03:51,"Morissette, Darren Espanto perform ""A Whole New World (Aladdin's Theme)"" LIVE (REACTION)

https://t.co/OdoH8aLZtX",morissette darren espanto perform whole new world aladdins theme live reaction
1141417914328735744,syafieqasyeraf,2019-06-19 18:50:11,I can show u the worldüåé‚ú® OST. Aladdin (A WHOLE NEW WORLD) https://t.co/Dknn8bhuNg,show u world ost aladdin whole new world
1141414765455011840,Wew18120790,2019-06-19 18:37:41,A Whole New World (End Title)[From Aladdin](From Aladdin) https://t.co/ORltyGcxMj https://t.co/iAtzEujNI1,whole new world end titlefrom aladdinfrom aladdin
1141405205545623552,nameIessme,2019-06-19 17:59:41,"Orang orang setelah Aladdin: a whole new world~

Aq: prince ali mighty is he ali ababwa!!",orang orang setelah aladdin whole new worldaq prince ali mighty ali ababwa
1141404187848110080,Toi14175798,2019-06-19 17:55:39,Whole New World_Aladdin https://t.co/96hxRqheD7 https://t.co/w3DGp89rUN,whole new worldaladdin
1141400714565959681,Beet30407953,2019-06-19 17:41:51,A Whole New World (End Title)[From Aladdin](From Aladdin) https://t.co/zkl1Q85qpz https://t.co/4cVqShRTEh,whole new world end titlefrom aladdinfrom aladdin
1141398706006007809,OOCS_LLC,2019-06-19 17:33:52,Aladdin was on point!!! Aianna told me to shut up and kicked me when I tried singing along to A Whole New World!!!üò≥‚Ä¶ https://t.co/teFv0Hz2Ct,aladdin point aianna told shut kicked tried singing along whole new world
1141391308663115776,tagxhminhyun,2019-06-19 17:04:28,"Mena Massoud, Naomi Scott - A Whole New World (From ""Aladdin"") https://t.co/rQV82wpAO0 via @YouTube",mena massoud naomi scott whole new world aladdin via
1141389166548271107,prnceaIi,2019-06-19 16:55:57,"mena , naomi , &amp;‚Äô darren singing a whole new world at the aladdin after party is the best thing you‚Äôll see today https://t.co/Mvsy26HgaN",mena naomi amp darren singing whole new world aladdin pay best thing youll see today
1141389113125269504,Tockn_inthebox,2019-06-19 16:55:45,"A Whole New World (Aladdin) - Nito
https://t.co/Js3j18wUsI",whole new world aladdin nito
1141386334579220481,udonome007,2019-06-19 16:44:42,@JimKilbane Holy flying carpets Aladdin! It's a whole new world in there!,holy flying carpets aladdin whole new world
1141383399313219584,mdudabr2006,2019-06-19 16:33:02,"@shivanipaliwal Meu abrigo ‚Äì Melim. 
Ouvi dizer ‚Äì Melim. 
Speechless ‚Äì [Naomi Scott] Aladdin.
A Whole New World. ‚Äì‚Ä¶ https://t.co/ObkNKF4aZB",meu abrigo melim ouvi dizer melim speechless naomi scott aladdina whole new world
1141383326923538432,__cumberbitch,2019-06-19 16:32:45,A Whole New World ‚Äî Aladdin,whole new world aladdin
1141379022175141888,GyhaTheLast,2019-06-19 16:15:39,A whole new world cover with @ItsDanielCoz Aladdin 2019 https://t.co/1NsePMI05C,whole new world cover aladdin
1141374039539118080,TheMovieChaser,2019-06-19 15:55:51,"@ikkegoemikke When I flied at @Emirates there was a vast @Disney in-flight movie catalog there.

But there is no or‚Ä¶ https://t.co/yU7FjXBXq5",flied vast inflight movie catalog therebut
1141370686474268674,lateefaboyabes,2019-06-19 15:42:31,A whole new world #Aladdin üßû‚Äç‚ôÇÔ∏èüìΩ https://t.co/Fdu5t0rQNC,whole new world aladdin
1141370039590969344,YanyBebo_48,2019-06-19 15:39:57,"Celana #aladdin my favüíÉ
Suka dgn lirik lagu yg part bernada : 
A whole new world
Don't you dare close your eyes
A h‚Ä¶ https://t.co/Nbg5ofu0i6",celana aladdin favsuka dgn lirik lagu yg pa bernada whole new worlddont dare close eyesa h
1141366675679244289,Tingtin01450239,2019-06-19 15:26:35,A Whole New World (End Title)[From Aladdin](From Aladdin) https://t.co/4kGFYttdmZ https://t.co/GV8TxxbHFT,whole new world end titlefrom aladdinfrom aladdin
1141365981542932480,Namking37111789,2019-06-19 15:23:50,A Whole New World (End Title)[From Aladdin](From Aladdin) https://t.co/93s4o9FX7n https://t.co/cZXGpMzxIs,whole new world end titlefrom aladdinfrom aladdin
1141358421674876928,yoonouhs,2019-06-19 14:53:47,"no one:
me: j-jaehyun whole new world cover because he is not just aladdin, he‚Äôs not A disney prince, he is The dis‚Ä¶ https://t.co/SKO7nTYwvT",oneme jjaehyun whole new world cover aladdin hes disney prince dis
1141352029152923649,ESchinfeld,2019-06-19 14:28:23,"@scorebecca If you think that‚Äôs bad, don‚Äôt listen to the EDM version of A Whole New World from the new Will Smith Aladdin movie...",think thats bad dont listen edm version whole new world new smith aladdin movie
1141346012352544768,ruwanndp,2019-06-19 14:04:29,A Whole New World Song Scene - #Aladdin #movie https://t.co/IbiscHwqGP,whole new world song scene aladdin movie
1141344757245009921,artiques16,2019-06-19 13:59:29,"Exploring a whole new world üòÅ‚ú®

#handmade #Art #AladdinMovie #Aladdin2019 #aladdin @HandmadeHour @disneyaladdin https://t.co/c9qSSbagMm",exploring whole new world handmade aladdinmovie aladdin aladdin
1141344734495019008,MelissaLlado,2019-06-19 13:59:24,It's a whole new world with this adorbs Team Jasmine shirt!  Show your love of Aladdin with this fun https://t.co/9cxsU1p2JG,whole new world adorbs team jasmine shi show love aladdin fun
1141344207467978757,_hahayahya,2019-06-19 13:57:18,"The Aladdin story aside, the songs, specifically Arabian Nights and A Whole New World took me back to the Malam Gal‚Ä¶ https://t.co/MVU7zMIYI6",aladdin story aside songs specifically arabian nights whole new world took back malam gal
1141342055689531392,heartfeItdjh,2019-06-19 13:48:45,remember how dan and phil used to sing a whole new world from aladdin? you could say phil did show dan a whole new‚Ä¶ https://t.co/DlGTqcRLbA,remember dan phil used sing whole new world aladdin could say phil show dan whole new
1141341053808590849,Tonkra91877616,2019-06-19 13:44:46,A Whole New World (End Title)[From Aladdin](From Aladdin) https://t.co/Oj6NZmB3wM https://t.co/wIfNAFSMaK,whole new world end titlefrom aladdinfrom aladdin
1141341026277138432,Tonkra91877616,2019-06-19 13:44:40,A Whole New World (End Title)[From Aladdin](From Aladdin) https://t.co/Oj6NZmB3wM https://t.co/HFNUawdO7y,whole new world end titlefrom aladdinfrom aladdin
1141340859222364161,JaMonkey,2019-06-19 13:44:00,Aladdin Toys For A Whole New World Of Fun! via @ThatAshleyErin https://t.co/CgH3EK7wMG,aladdin toys whole new world fun via
1141340810668994565,10riridk0,2019-06-19 13:43:49,"Mena Massoud, Naomi Scott - A Whole New World (From ""Aladdin"") https://t.co/0zkcIAvVRF @YouTube„Çà„Çä",mena massoud naomi scott whole new world aladdin
1141340534121910274,raiya89635586,2019-06-19 13:42:43,"Mena Massoud, Naomi Scott - A Whole New World (From ""Aladdin"") https://t.co/nnX33J6Ajr via @YouTube",mena massoud naomi scott whole new world aladdin via
1141338782798512128,Jairak7,2019-06-19 13:35:45,A Whole New World (End Title)[From Aladdin](From Aladdin) https://t.co/F1qITGmTHa https://t.co/3BPcqfRBCo,whole new world end titlefrom aladdinfrom aladdin
1141332804648652801,leastimnotfugly,2019-06-19 13:12:00,@bellathorne @WhoopiGoldberg For any other audiophiles out there hearing the similar melody between this Soapdish c‚Ä¶ https://t.co/DKqalPgrII,audiophiles hearing similar melody soapdish c
1141317278253760512,aiph_daice,2019-06-19 12:10:18,@nnandaisuki @LayanYudai A WHOLE NEW WORLD and INTO YOU are freakin' famous songs... That's Aladdin and Ariana Gran‚Ä¶ https://t.co/IkaeadAlLp,whole new world freakin famous songs thats aladdin ariana gran
1141317140936478720,GudetamaDaily,2019-06-19 12:09:45,"Forgot to add:

‚úîÔ∏èA total disney prince

Try to watch his version of Disney's Aladdin, ""A whole New World"" with ex‚Ä¶ https://t.co/fUNC0Uaq4p",forgot adda total disney princetry watch version disneys aladdin whole new world ex
1141315725228834816,JazzminSanch,2019-06-19 12:04:08,"MAY BAGO HO AKONG BIDYU!!! 
A Whole New World (From ""Aladdin"") Dance Cover
Video Link: https://t.co/NEsLRb9vOx üåè‚ú® https://t.co/DZfYgjq6gW",may bago ho akong bidyu whole new world aladdin dance covervideo link
1141315117650309120,V1SHAL_IN,2019-06-19 12:01:43,"Listening to #Disney's ""A Whole New World..."" from #Aladdin",listening disneys whole new world aladdin
1141314760010543104,MikeCalvertToy,2019-06-19 12:00:18,Secure your tickets while they last and get ready to discover a whole new world at this Memorial Hermann Broadway s‚Ä¶ https://t.co/IFft7D4SGh,secure tickets last get ready discover whole new world memorial hermann broadway
1141314708303048706,kpwxjn,2019-06-19 12:00:05,Aladdin - A Whole New World (Mother/Son Duet) https://t.co/d1HJCcifHf via @YouTube,aladdin whole new world motherson duet via
1141310414803939329,GRNDMSTRCaeFoo,2019-06-19 11:43:02,Grandmaster CaeFoo - Whole New World / #Aladdin #Vibe #Ridin #Music #HipHop #Rap #Trap #Detroit #Dearborn #Egypt‚Ä¶ https://t.co/gbAPyMMIph,grandmaster caefoo whole new world aladdin vibe ridin music hiphop rap trap detroit dearborn egypt
1141305851765936128,littleuzma,2019-06-19 11:24:54,My mine right now. * a whole new world............*ost aladdin. :(,mine right whole new worldost aladdin
1141304217560207366,ljm530,2019-06-19 11:18:24,"Mena Massoud, Naomi Scott - A Whole New World (From ""Aladdin"") https://t.co/xEcNO73aNY - @YouTube",mena massoud naomi scott whole new world aladdin
1141298334663159808,LiNKQ8,2019-06-19 10:55:01,"Aladdin - A whole new world
1992 &gt; 2019",aladdin whole new world gt
1141297481419902976,tamimaaaay,2019-06-19 10:51:38,"Mena Massoud, Naomi Scott - A Whole New World (From ""Aladdin"") https://t.co/dbiNhUAXCE via @YouTube",mena massoud naomi scott whole new world aladdin via
1141296085006028800,kseungmsk,2019-06-19 10:46:05,@skzhyvnjln @yenskz Aladdin? A whole new world~,aladdin whole new world
1141295077278412800,theyaremysmile3,2019-06-19 10:42:05,Un mundo ideal / A whole new world üó∫ üåè üíïüôà @zaynmalik #Aladdin #Unmundoideal #awholenewworld #ZaynMalik #Liampayne‚Ä¶ https://t.co/ipB4ET4swe,un mundo ideal whole new world aladdin unmundoideal awholenewworld zaynmalik liampayne
1141293506238877696,Moay38231392,2019-06-19 10:35:50,A Whole New World (End Title)[From Aladdin](From Aladdin) https://t.co/SfdGbHhm3A https://t.co/3TypFWYr0j,whole new world end titlefrom aladdinfrom aladdin
1141285728820682752,Rammsoo,2019-06-19 10:04:56,"Aladdin: A whole new world
Red Velvet: Zimzalabim",aladdin whole new worldred velvet zimzalabim
1141285330890440706,orjiom,2019-06-19 10:03:21,"#aladdin #jasmine
A whole new world‚ú® https://t.co/9HBQJguYTL",aladdin jasminea whole new world
1141277115054039040,Ah_nonoh,2019-06-19 09:30:42,"ZAYN, Zhavia Ward - A Whole New World (End Title) (From ""Aladdin"") https://t.co/EiJlKo8wLp ‡∏Ç‡πâ‡∏≠‡∏°‡∏π‡∏•‡∏à‡∏≤‡∏Å @YouTube",zayn zhavia ward whole new world end title aladdin
1141276644654452736,MustofaBasri23,2019-06-19 09:28:50,"I cant get enough of this! ZAYN, Zhavia Ward - A Whole New World (End Title) (From ""Aladdin"") https://t.co/n6o4fO4Rvw",cant get enough zayn zhavia ward whole new world end title aladdin
1141263228355219456,spearbeef,2019-06-19 08:35:31,"@Stray_Kids felix do u want to be my aladdin? so i can fly to a whole new world with u !‚ô°üò•üò•üò•
#StrayKidsComeback‚Ä¶ https://t.co/ua96sVxLaG",kids felix u want aladdin fly whole new world u straykidscomeback
1141262366052499456,themhazelnut,2019-06-19 08:32:06,"‚ÄúTell me princess when did you last let your heart decide?‚Äù

dat line from A Whole New World always makes me go emo‚Ä¶ https://t.co/yS1w8aJBA3",tell princess last let hea decidedat line whole new world always makes go emo
1141260974902534145,anyeongpipol,2019-06-19 08:26:34,"a whole new world
Felix do you want to be my aladdin?
üòçüò≠ @Stray_Kids #StrayKidsComeback",whole new worldfelix want aladdin kids straykidscomeback
1141259878293561344,weenapie,2019-06-19 08:22:13,"Mena Massoud, Naomi Scott - A Whole New World (From ""Aladdin"") https://t.co/XlP6T4YF0b via @YouTube",mena massoud naomi scott whole new world aladdin via
1141245845494366208,maylaymg14,2019-06-19 07:26:27,@BTS_twt please do a cover song A Whole New World OST of Aladdin my best vocal linesüíùüíùüíùüíúüíúüíúüíúüòòüòòüòòüëèüëèüëè,twt please cover song whole new world ost aladdin best vocal lines
1141244488062365697,JohnBaldwin64,2019-06-19 07:21:03,‚ÄúA Whole New World‚Äù (Aladdin) Arabic Cover by Robyn Adele Anderson ft. Adam Bastien https://t.co/hnTiMTeru4 via @YouTube,whole new world aladdin arabic cover robyn adele anderson ft adam bastien via
1141241129158889472,hariandiri,2019-06-19 07:07:43,"Mena Massoud, Naomi Scott - A Whole New World (From ""Aladdin"") https://t.co/c63yLIbM5s lewat @YouTube",mena massoud naomi scott whole new world aladdin lewat
1141237842842193920,GEISHAVAMPIRESA,2019-06-19 06:54:39,All I can say is wao!!! Aladdin - A Whole New World (Mother/Son Duet) https://t.co/F9HTFANioP via @YouTube,say wao aladdin whole new world motherson duet via
1141237679943815168,Kargun00,2019-06-19 06:54:00,‚ÄúA Whole New World‚Äù (Aladdin) Arabic Cover by Robyn Adele Anderson ft. A... https://t.co/sUPw1Cb26U v√≠a @YouTube,whole new world aladdin arabic cover robyn adele anderson ft va
1141237593138442240,primaradiosby_,2019-06-19 06:53:40,#1038fm #nowplaying A Whole New World (Aladdin's Theme) (92) - Regina Belle &amp; Peabo Bryson | streaming klik‚Ä¶ https://t.co/bX2QAco2k6,fm nowplaying whole new world aladdins theme regina belle amp peabo bryson streaming klik
1141229722652725248,uangthruhuy,2019-06-19 06:22:23,"@askmenfess Magic hour (magic hour)
I c the light (tangled)
A whole new world (aladdin)
Let it go (frozen)
Hakuna matata(?) (Lion king)",magic hour magic houri c light tangleda whole new world aladdinlet go frozenhakuna matata lion king
1141226402181632000,francisluisc,2019-06-19 06:09:11,A Whole New World | Aladdin OST | (Cover) Raphiel Shannon,whole new world aladdin ost cover raphiel shannon
1141220093822509056,zharifsadan,2019-06-19 05:44:07,"A WHOLE NEW WORLD // AladdinüîÆ‚ú®
-
Fuhh dah lama tak post cover. Kita start balik slow2üòù Terimalah, ""A Whole New Worl‚Ä¶ https://t.co/eSeXKe9XOM",whole new world aladdinfuhh dah lama tak post cover kita sta balik slow terimalah whole new worl
1141217136968253440,kaizerk808,2019-06-19 05:32:22,Gonna see dat whole new world #Aladdin,gonna see dat whole new world aladdin
1141216250124627969,thebirdnard,2019-06-19 05:28:51,"A Whole New World-(Aladdin)
üòÄüòÄüòÄüòÄ https://t.co/I2OtPy8fas",whole new worldaladdin
1141214378299142146,MPRADIO_NET,2019-06-19 05:21:25,A Whole New World (From Aladdin) - ZAYN &amp; Zhavia Ward #Radio #Music #Live #NP #HipHop #Pop #Rap https://t.co/mVujHDtFm1,whole new world aladdin zayn amp zhavia ward radio music live np hiphop pop rap
1141210582520963072,vWaOgou2Zkmy00E,2019-06-19 05:06:20,A Whole New World (End Title)[From Aladdin](From Aladdin) https://t.co/A4tv4kejta https://t.co/jIJRaW2YEr,whole new world end titlefrom aladdinfrom aladdin
1141204229094289408,DeidraSaltsman,2019-06-19 04:41:05,"Mena Massoud, Naomi Scott - A Whole New World (From ""Aladdin"") https://t.co/DXcrx83Co8",mena massoud naomi scott whole new world aladdin
1141199923565608961,Maxine_122398,2019-06-19 04:23:58,"Literally saw this tweet while playing ""A Whole New World"" #Aladdin https://t.co/Gn2Wow6A9I",literally saw tweet playing whole new world aladdin
1141198289162817536,Zenazetira1,2019-06-19 04:17:29,Aladdin - A Whole New World (Mother/Son Duet) https://t.co/zpIabSSETx via @YouTube . MOM AND SON GOALS &lt;3,aladdin whole new world motherson duet via mom son goals lt
1141190057987997696,moshi_moshi_glb,2019-06-19 03:44:46,"„ÄêFOOD„ÄëDiscover A Whole New World of Exotic Flavours with Ginza Cosy Corner's #Aladdin Petit #cake Setüç∞

English:‚Ä¶ https://t.co/e58qwWh0No",fooddiscover whole new world exotic flavours ginza cosy corners aladdin petit cake setenglish
1141187392323428353,yousefehab118,2019-06-19 03:34:11,"A whole new world üòç‚ù§Ô∏è
A new fantastic point of view üßû‚Äç‚ôÇÔ∏è‚ú® - Ÿäÿ¥ÿßŸáÿØ Aladdin",whole new world new fantastic point view aladdin
1141186685390032896,ikakusuma_,2019-06-19 03:31:22,"Virus Aladdin üéµ A Whole New World üéµ
üíö
#JAEHYUN
#NCT127
#NCT
https://t.co/bOfoVFdCxO",virus aladdin whole new world jaehyunnctnct
1141186155985195009,delaneyoertly,2019-06-19 03:29:16,Today I asked Julie how ‚ÄúA Whole New World‚Äù from Aladdin went and she (no lie) started singing ‚ÄúPure Imagination‚Äù f‚Ä¶ https://t.co/3VSCJdioAT,today asked julie whole new world aladdin went lie staed singing pure imagination f
1141183351534919680,morena063,2019-06-19 03:18:07,"Here‚Äôs a song for you‚Ä¶ A Whole New World - From ""Aladdin"" by Darren Espanto
https://t.co/Fp5Tb5yAle",heres song whole new world aladdin darren espanto
1141182654479339520,yorchhappines,2019-06-19 03:15:21,"""A whole new world, a new fantastic point of view, no one to tell us NO, or where to go or say we're only dreaming..."" üé∂ #Aladdin",whole new world new fantastic point view one tell us go say dreaming aladdin
1141181476030910465,DarrenaticJL,2019-06-19 03:10:40,"Here‚Äôs a song for you‚Ä¶ A Whole New World - From ""Aladdin"" by Darren Espanto, Morissette #Aladdin #AWholeNewWorld‚Ä¶ https://t.co/BAKHNN1wss",heres song whole new world aladdin darren espanto morissette aladdin awholenewworld
1141173732573974528,dls2pac,2019-06-19 02:39:54,"A Whole New World, Disney's Aladdin - 4-Year-Old Claire Crosby and Dad https://t.co/R2See8uaSn via @YouTube

YES PL‚Ä¶ https://t.co/uTMY4KkpDj",whole new world disneys aladdin yearold claire crosby dad via yes pl
1141173243598004226,buIIetproofskz,2019-06-19 02:37:57,"ZAYN, Zhavia Ward - A Whole New World (End Title) (From ""Aladdin"") https://t.co/Zr9BsyDRcg via @YouTube when tf did‚Ä¶ https://t.co/wVELTkLwMc",zayn zhavia ward whole new world end title aladdin via tf
1141172223253741570,seedlessjams,2019-06-19 02:33:54,Aladdin [2019] A Whole New World - Mena Massoud and Naomi Scott https://t.co/VvmOqhT0fS,aladdin whole new world mena massoud naomi scott
1141170002990530560,SayaWatanabe1,2019-06-19 02:25:05,"‚ô™A Whole New World - @mflo_official @MattCab 
#awholenewworld #disney #aladdin #„Ç¢„É©„Ç∏„É≥ #mflo #mattcab #dance #music‚Ä¶ https://t.co/Jtk8WGIdtH",whole new world official awholenewworld disney aladdin mflo mattcab dance music
1141168391937515520,godisawomanag,2019-06-19 02:18:41,i watched Aladdin and it was better than i imagined . ‚Äòa whole new world‚Äô was so dreamy ü•∫,watched aladdin better imagined whole new world dreamy
1141167310427676672,eatsleepregret_,2019-06-19 02:14:23,Can't move on from #Aladdin a whole new world of @NaomiScott @MenaMassoud üò≠üò≠üò≠,cant move aladdin whole new world
1141165178505048064,goodsonke,2019-06-19 02:05:55,A Whole New World (Aladdin) - Nito https://t.co/D2mX0ZcA4w via @YouTube,whole new world aladdin nito via
1141162969121853440,shelbe_deee,2019-06-19 01:57:08,Just saw Aladdin and now I wanna watch it over and over again and the old one. And sing a whole new world forever and ever.,saw aladdin wanna watch old one sing whole new world forever ever
1141161968792997888,moonbongie,2019-06-19 01:53:09,heejae talking about aladdin...... imagine him singing a whole new world..................... [rest],heejae talking aladdin imagine singing whole new world rest
1141159841265848321,WillMasa,2019-06-19 01:44:42,"caraca
A Whole New World (Aladdin) - Nito https://t.co/QI9eo5pvCV via @YouTube",caracaa whole new world aladdin nito via
1141156014802132992,Ieenaeum,2019-06-19 01:29:30,{ just found out this version. 'tis a lit! } https://t.co/dyCTUHtbZc,found version tis lit
1141155855959830531,kudusabardong,2019-06-19 01:28:52,@askmenfess A whole new world - aladdin,whole new world aladdin
1141155026783604736,simplylise,2019-06-19 01:25:34,#HAHN Catherine!!! If u didn't sing a whole new world from Aladdin lol bish where the carpet at. Lol,hahn catherine u didnt sing whole new world aladdin lol bish carpet lol
1141154678463434752,87MrATK05,2019-06-19 01:24:11,Katherinetookcthe lines from Aladdin just then!! I‚Äôll show u ‚ÄúA whole new world‚Äù lol yes ma‚Äôam lol take care of me too lol #HAHN,katherinetookcthe lines aladdin ill show u whole new world lol yes maam lol take care lol hahn
1141152708637810689,AriHenderson19,2019-06-19 01:16:21,"Mena Massoud, Naomi Scott - A Whole New World (From ""Aladdin"") https://t.co/s3LztxmGkZ via @YouTube @PrinceAladdin12 My Favorite song",mena massoud naomi scott whole new world aladdin via favorite song
1141151146578468864,heybitchzz,2019-06-19 01:10:09,"Saved on Spotify ""A Whole New World (End Title) - From ""Aladdin"""" by ZAYN, Zhavia Ward https://t.co/KRxNrzxuxK",saved spotify whole new world end title aladdin zayn zhavia ward
1141150056717987840,Allegria26,2019-06-19 01:05:49,A whole new world #Aladdin https://t.co/JmIdB1oZae,whole new world aladdin
1141148591467053056,cosmo_ph,2019-06-19 01:00:00,WATCH: Morissette Amon Sings 'A Whole New World' With 'Aladdin' Composer Alan Menken https://t.co/oN8gh1UsmE,watch morissette amon sings whole new world aladdin composer alan menken
1141148536089636864,catitabru,2019-06-19 00:59:47,Aladdin - A Whole New World (Mother/Son Duet) https://t.co/aivYOT1jXm via @YouTube,aladdin whole new world motherson duet via
1141147584783945731,jjthejettplane,2019-06-19 00:56:00,i‚Äôm living my aladdin arabian night a whole new world fantasy tomorrow,im living aladdin arabian night whole new world fantasy tomorrow
1141146925007347713,rockndawgclub,2019-06-19 00:53:23,"A Whole New World (Aladdin) - Cover (Fingerstyle Guitar) Andrew Foy https://t.co/CBBIVDxvai Subscribe, Comment &amp; Fo‚Ä¶ https://t.co/qKVUWkFJiU",whole new world aladdin cover fingerstyle guitar andrew foy subscribe comment amp fo
1141146898776100865,DownatthePound,2019-06-19 00:53:16,"A Whole New World (Aladdin) - Cover (Fingerstyle Guitar) Andrew Foy https://t.co/a6CyA7L4a8 Subscribe, Comment &amp; Fo‚Ä¶ https://t.co/UoweVjyKqL",whole new world aladdin cover fingerstyle guitar andrew foy subscribe comment amp fo
1141146864286412801,evan_valero,2019-06-19 00:53:08,"Quiero subir un cover d a whole new world, speechless y todas las d aladdin aaaaaAAüòç",quiero subir un cover whole new world speechless todas las aladdin aaaaaaa
1141145187621601280,umaammoo,2019-06-19 00:46:28,"@askmenfess Let it go - frozen
A whole new world - aladdin",let go frozena whole new world aladdin
1141143895285338113,bffbaeksoo,2019-06-19 00:41:20,as Kyungsoo already watched Aladdin do y‚Äôall think he sang along with Aladdin when he sang a whole new world under‚Ä¶ https://t.co/oShhmLq12O,kyungsoo already watched aladdin yall think sang along aladdin sang whole new world
1141140653465669632,Zayn_Inmyhead,2019-06-19 00:28:27,"""A new fantastic point of view""
Voici une chanson que vous allez aimer‚Ä¶ A Whole New World (End Title) - From ""Aladd‚Ä¶ https://t.co/ieuMT3SXoJ",new fantastic point viewvoici une chanson que vous allez aimer whole new world end title aladd
1141135933359742976,karissamperez,2019-06-19 00:09:42,A Whole New World (Aladdin) Cover https://t.co/z6grHYtUnK via @YouTube,whole new world aladdin cover via
1141132783584235520,jey_yuu,2019-06-18 23:57:11,"If Aladdin Were Filipino (""A Whole New World"" Disney PARODY) | ""PILIPINAS"" https://t.co/f7d310heBx",aladdin filipino whole new world disney parody pilipinas
1141130444072726529,ReemMobasher,2019-06-18 23:47:53,‚ô´ #NowPlaying ‚ÄúA Whole New World (Aladdin's Theme)‚Äù by @PeaboBryson2 on #Anghami https://t.co/Es83NUatLl  ‚ô•Ô∏è‚ô•Ô∏è‚ô•Ô∏è‚ô•Ô∏è‚ô•Ô∏è https://t.co/Es83NUatLl,nowplaying whole new world aladdins theme anghami
1141130346559344647,bIackpathner,2019-06-18 23:47:30,"just started crying but during zayn parts only 

ZAYN, Zhavia Ward - A Whole New World (End Title) (From ""Aladdin"") https://t.co/Yk3i4Og5DD",staed crying zayn pas zayn zhavia ward whole new world end title aladdin
1141130044766478336,shynn2511,2019-06-18 23:46:18,"ZAYN, Zhavia Ward - A Whole New World (Lyrics Video) (From ""Aladdin"") https://t.co/KAn2cCyLTz via @YouTube ‚ù£Ô∏è‚ù§Ô∏è",zayn zhavia ward whole new world lyrics video aladdin via
1141127943302852609,siempresabe,2019-06-18 23:37:57,Aladdin - A Whole New World (Mother/Son Duet) https://t.co/WMYEF3hWZf via @YouTube,aladdin whole new world motherson duet via
1141121215504928768,DARRENaticsCTNS,2019-06-18 23:11:13,"#DyisIsItManila A Whole New World (From ""Aladdin"") by Darren Espanto &amp; Morissette Amon @Espanto2001
@mor1019‚Ä¶ https://t.co/pVx3dE6Ymx",dyisisitmanila whole new world aladdin darren espanto amp morissette amon
1141121210144550912,jblovedarren,2019-06-18 23:11:12,"#DyisIsItManila A Whole New World (From ""Aladdin"") by Darren Espanto &amp; Morissette Amon @Espanto2001
@mor1019‚Ä¶ https://t.co/CXootxbxtJ",dyisisitmanila whole new world aladdin darren espanto amp morissette amon
1141119913760833539,Bossgeezy,2019-06-18 23:06:03,A whole new world üé∂ ‚ù§ Aladdin made sense sha üòä,whole new world aladdin made sense sha
1141119193430888448,buy_twt,2019-06-18 23:03:11,@askmenfess A Whole New World -Aladdin-,whole new world aladdin
1141117341733797889,ncityzeun,2019-06-18 22:55:49,"This is how actually Aladdin watching Aladdin.

Kak Jaehyun nyanyi ga ya waktu bagian A Whole New World ü§î https://t.co/VoXRDXAvkR",actually aladdin watching aladdinkak jaehyun nyanyi ga ya waktu bagian whole new world
1141116690178224128,LUCKYTRILLQUEEN,2019-06-18 22:53:14,"Mena Massoud, Naomi Scott - A Whole New World (From ""Aladdin"") https://t.co/xHWxPuWZLn",mena massoud naomi scott whole new world aladdin
1141116087691436040,NoMoTo,2019-06-18 22:50:50,‚ÄúA Whole New World‚Äù (Aladdin) Arabic Cover by Robyn Adele Anderson ft. A... https://t.co/WpAvnulk1i via @YouTube,whole new world aladdin arabic cover robyn adele anderson ft via
1141114984702926848,leehgianessi,2019-06-18 22:46:27,Mood: chorando e cantando aos berros ‚Äúwhole new world‚Äù do Aladdin,mood chorando e cantando aos berros whole new world aladdin
1141111780913156096,oohlalata,2019-06-18 22:33:44,@NCTsmtown_127 I saw it today too &amp; all i could think about is Jae‚Äôs version of A Whole New World #aladdin,saw today amp could think jaes version whole new world aladdin
1141105651952828417,maliwalz,2019-06-18 22:09:22,"M√∫sica do momento favorita ? ‚Äî a whole new world - aladdin 
8 letters - why dont we  
consequences - camila cabello‚Ä¶ https://t.co/UW54nOtSvl",msica momento favorita whole new world aladdin letters dont consequences camila cabello
1141104285435998208,AamnaChouhdry,2019-06-18 22:03:56,@whewdishard Husna ur actually a lost cause üò≠üò≠a whole new world has always been from Aladdin üò©üòÇü§¶üèΩ‚Äç‚ôÄÔ∏è,husna ur actually lost cause whole new world always aladdin
1141104180607836160,ToroFoxArmy,2019-06-18 22:03:32,Have a little over 100 pages of A Whole New World: A Twisted Tale to go. There are like 6 books of the Twisted Tale‚Ä¶ https://t.co/P6ccDAAhUQ,little pages whole new world twisted tale go like books twisted tale
1141099294813913088,iniagung,2019-06-18 21:44:07,"I found this awesome recording of ""A Whole New World - Peabo Bryson &amp; Regina Belle version"" on #Smule: https://t.co/H4LcyZJC0i",found awesome recording whole new world peabo bryson amp regina belle version smule
1141099172390744065,_JoieInconnue,2019-06-18 21:43:37,@RubyHarriette said 'A Whole New World' is a euphemism for sex and now I can't stop thinking about it. #Aladdin,said whole new world euphemism sex cant stop thinking aladdin
1141098930882535424,thisrebelheart_,2019-06-18 21:42:40,A new whole world- Aladdin https://t.co/WTWMW11oh7,new whole world aladdin
1141094557163151361,Jaciendia,2019-06-18 21:25:17,Rosalie sings with Adelynn every time we put Aladdin‚Äôs A Whole New World on &amp; it is so cute!,rosalie sings adelynn every time put aladdins whole new world amp cute
1141091533137031169,whewdishard,2019-06-18 21:13:16,just watched aladdin and i‚Äôm kinda confused. i though the a whole new world song was from the little mermaid?,watched aladdin im kinda confused though whole new world song little mermaid
1141088319687876611,onceuponaTroom,2019-06-18 21:00:30,"*TICKETS NOW AVAILABLE*
üßû‚Äç‚ôÇÔ∏èTake a trip on a magic carpet and visit a whole new world on the 13th &amp; 14th of July fo‚Ä¶ https://t.co/4ao8Aar8Cg",tickets availabletake trip magic carpet visit whole new world th amp th july fo
1141087467723984897,StarKiller_88,2019-06-18 20:57:07,‚ÄúA Whole New World‚Äù (Aladdin) Arabic Cover by Robyn Adele Anderson ft. A... https://t.co/ZR1JayHHf5 via @YouTube,whole new world aladdin arabic cover robyn adele anderson ft via
1141085670447992832,MojoShops,2019-06-18 20:49:58,Look whose at the Shawano store.  Take his hand to a whole new world... or at least a new movie.  Aladdin Disney In‚Ä¶ https://t.co/d76oEYDSFp,look whose shawano store take hand whole new world least new movie aladdin disney
1141069246321102852,oliviattaylorrr,2019-06-18 19:44:43,Best believe I sang every word to A Whole New World in the cinemas watching aladdin hahahahahaha,best believe sang every word whole new world cinemas watching aladdin hahahahahaha
1141067577734488064,zackennyTV,2019-06-18 19:38:05,"üßû‚Äç‚ôÇÔ∏èA whole new world„Äú‚Ä¢*¬®*‚Ä¢.¬∏¬∏‚ô¨Ô∏é

#„Ç¢„É©„Ç∏„É≥ #aladdin #„Ç¶„Ç£„É´„Çπ„Éü„Çπ #„Ç∏„Éº„Éã„Éº #„Ç∏„É£„Çπ„Éü„É≥ #youtube #YouTuber #Ëá™‰Ωú„Ç¢„Éã„É° #Ëá™‰Ωú„Ç§„É©„Çπ„Éà https://t.co/S1bHt7Tm8D",whole new world aladdin youtube youtuber
1141066648180314112,SteveLeifi,2019-06-18 19:34:23,"awwww.... Love this song, love this mother &amp; son collaboration. üòç

Aladdin - A Whole New World (Mother/Son Duet)‚Ä¶ https://t.co/nEz9yzr1IF",awwww love song love mother amp son collaboration aladdin whole new world motherson duet
1141065617195356160,Ghadeeraly_,2019-06-18 19:30:17,"no one: 
me when a whole new world started playing in the aladdin live action movie: https://t.co/gmoPYm8CbV",one whole new world staed playing aladdin live action movie
1141063217952755720,lexie_n16,2019-06-18 19:20:45,This is so cuteee üò≠‚ù§Ô∏è Aladdin - A Whole New World (Mother/Son Duet) https://t.co/iwXeaW2nLx via @YouTube,cuteee aladdin whole new world motherson duet via
1141061200358211584,Kind49144696,2019-06-18 19:12:44,A Whole New World (End Title)[From Aladdin](From Aladdin) https://t.co/rhImw9vRMN https://t.co/ivUiGn1fYz,whole new world end titlefrom aladdinfrom aladdin
1141059749573611520,_myxc,2019-06-18 19:06:58,"Mena Massoud, Naomi Scott - A Whole New World (From ""Aladdin"") https://t.co/Rrh3YLmcsA @YouTube„Çà„Çä",mena massoud naomi scott whole new world aladdin
1141057669668777984,hollys7,2019-06-18 18:58:42,Amazing :) Aladdin - A Whole New World (Mother/Son Duet) https://t.co/ktNLIHnELy via @YouTube,amazing aladdin whole new world motherson duet via
1141054229790035968,unamariex,2019-06-18 18:45:02,Walking into the big Tesco when you‚Äôre used to Tesco Express is how I imagine jasmine in Aladdin feels during a whole new world,walking big tesco youre used tesco express imagine jasmine aladdin feels whole new world
1141051675257593858,hobbitshairdye,2019-06-18 18:34:53,Really late to the game but I finally saw the new #Aladdin I am so so pleasantly surprised! They did my favourite D‚Ä¶ https://t.co/bTS4sNpL95,really late game finally saw new aladdin pleasantly surprised favourite
1141050624462721024,klarc_naomi,2019-06-18 18:30:43,"A WHOLE NEW WORLD FROM ALADDIN!!! this was so much so sososososooo much fun!!
~
#Aladdin #AWholeNewWorld #Disney‚Ä¶ https://t.co/2ezPNRYA94",whole new world aladdin much sososososooo much funaladdin awholenewworld disney
1141048458742251520,manuelefuresi,2019-06-18 18:22:06,"ZAYN, Zhavia Ward - A Whole New World (Lyrics) (End Title) (From ""Aladdin"") https://t.co/qmNmpXz8dH di @YouTube",zayn zhavia ward whole new world lyrics end title aladdin di
1141044735395713024,alfadhlia94,2019-06-18 18:07:19,"A whole new world
A dazzling place i never knewüé∂üíú
#Aladdin",whole new worlda dazzling place never knewaladdin
1141042911636787200,thefancarpet,2019-06-18 18:00:04,A WHOLE NEW WORLD: @Disney‚Äôs Beloved Musical Classic #ALADDIN @AladdinLondon Celebrates its Third Birthday at Londo‚Ä¶ https://t.co/5iOnHGAXTD,whole new world beloved musical classic aladdin celebrates third bihday londo
